image_id,source
KGL_0000,KGL
KGL_0001,KGL
KGL_0002,KGL
KGL_0003,KGL
KGL_0004,KGL
KGL_0005,KGL
KGL_0006,KGL
KGL_0007,KGL
KGL_0008,KGL
KGL_0009,KGL
KGL_0010,KGL
KGL_0011,KGL
KGL_0012,KGL
KGL_0013,KGL
KGL_0014,KGL
KGL_0015,KGL
KGL_0016,KGL
KGL_0017,KGL
KGL_0018,KGL
KGL_0019,KGL
KGL_0020,KGL
KGL_0021,KGL
KGL_0022,KGL
KGL_0023,KGL
KGL_0024,KGL
KGL_0025,KGL
KGL_0026,KGL
KGL_0027,KGL
KGL_0028,KGL
KGL_0029,KGL
KGL_0030,KGL
KGL_0031,KGL
KGL_0032,KGL
KGL_0033,KGL
KGL_0034,KGL
KGL_0035,KGL
KGL_0036,KGL
KGL_0037,KGL
KGL_0038,KGL
KGL_0039,KGL
KGL_0040,KGL
KGL_0041,KGL
KGL_0042,KGL
KGL_0043,KGL
KGL_0044,KGL
KGL_0045,KGL
KGL_0046,KGL
KGL_0047,KGL
KGL_0048,KGL
KGL_0049,KGL
KGL_0050,KGL
KGL_0051,KGL
KGL_0052,KGL
KGL_0053,KGL
KGL_0054,KGL
KGL_0055,KGL
KGL_0056,KGL
KGL_0057,KGL
KGL_0058,KGL
KGL_0059,KGL
KGL_0060,KGL
KGL_0061,KGL
KGL_0062,KGL
KGL_0063,KGL
KGL_0064,KGL
KGL_0065,KGL
KGL_0066,KGL
KGL_0067,KGL
KGL_0068,KGL
KGL_0069,KGL
KGL_0070,KGL
KGL_0071,KGL
KGL_0072,KGL
KGL_0073,KGL
KGL_0074,KGL
KGL_0075,KGL
KGL_0076,KGL
KGL_0077,KGL
KGL_0078,KGL
KGL_0079,KGL
KGL_0080,KGL
KGL_0081,KGL
KGL_0082,KGL
KGL_0083,KGL
KGL_0084,KGL
KGL_0085,KGL
KGL_0086,KGL
KGL_0087,KGL
KGL_0088,KGL
KGL_0089,KGL
KGL_0090,KGL
KGL_0091,KGL
KGL_0092,KGL
KGL_0093,KGL
KGL_0094,KGL
KGL_0095,KGL
KGL_0096,KGL
KGL_0097,KGL
KGL_0098,KGL
KGL_0099,KGL
KGL_0100,KGL
KGL_0101,KGL
KGL_0102,KGL
KGL_0103,KGL
KGL_0104,KGL
KGL_0105,KGL
KGL_0106,KGL
KGL_0107,KGL
KGL_0108,KGL
KGL_0109,KGL
KGL_0110,KGL
KGL_0111,KGL
KGL_0112,KGL
KGL_0113,KGL
KGL_0114,KGL
KGL_0115,KGL
KGL_0116,KGL
KGL_0117,KGL
KGL_0118,KGL
KGL_0119,KGL
KGL_0120,KGL
KGL_0121,KGL
KGL_0122,KGL
KGL_0123,KGL
KGL_0124,KGL
KGL_0125,KGL
KGL_0126,KGL
KGL_0127,KGL
KGL_0128,KGL
KGL_0129,KGL
KGL_0130,KGL
KGL_0131,KGL
KGL_0132,KGL
KGL_0133,KGL
KGL_0134,KGL
KGL_0135,KGL
KGL_0136,KGL
KGL_0137,KGL
KGL_0138,KGL
KGL_0139,KGL
KGL_0140,KGL
KGL_0141,KGL
KGL_0142,KGL
KGL_0143,KGL
KGL_0144,KGL
KGL_0145,KGL
KGL_0146,KGL
KGL_0147,KGL
KGL_0148,KGL
KGL_0149,KGL
KGL_0150,KGL
KGL_0151,KGL
KGL_0152,KGL
KGL_0153,KGL
KGL_0154,KGL
KGL_0155,KGL
KGL_0156,KGL
KGL_0157,KGL
KGL_0158,KGL
KGL_0159,KGL
KGL_0160,KGL
KGL_0161,KGL
KGL_0162,KGL
KGL_0163,KGL
KGL_0164,KGL
KGL_0165,KGL
KGL_0166,KGL
KGL_0167,KGL
KGL_0168,KGL
KGL_0169,KGL
KGL_0170,KGL
KGL_0171,KGL
KGL_0172,KGL
KGL_0173,KGL
KGL_0174,KGL
KGL_0175,KGL
KGL_0176,KGL
KGL_0177,KGL
KGL_0178,KGL
KGL_0179,KGL
KGL_0180,KGL
KGL_0181,KGL
KGL_0182,KGL
KGL_0183,KGL
KGL_0184,KGL
KGL_0185,KGL
KGL_0186,KGL
KGL_0187,KGL
KGL_0188,KGL
KGL_0189,KGL
KGL_0190,KGL
KGL_0191,KGL
KGL_0192,KGL
KGL_0193,KGL
KGL_0194,KGL
KGL_0195,KGL
KGL_0196,KGL
KGL_0197,KGL
KGL_0198,KGL
KGL_0199,KGL
KGL_0200,KGL
KGL_0201,KGL
KGL_0202,KGL
KGL_0203,KGL
KGL_0204,KGL
KGL_0205,KGL
KGL_0206,KGL
KGL_0207,KGL
KGL_0208,KGL
KGL_0209,KGL
KGL_0210,KGL
KGL_0211,KGL
KGL_0212,KGL
KGL_0213,KGL
KGL_0214,KGL
KGL_0215,KGL
KGL_0216,KGL
KGL_0217,KGL
KGL_0218,KGL
KGL_0219,KGL
KGL_0220,KGL
KGL_0221,KGL
KGL_0222,KGL
KGL_0223,KGL
KGL_0224,KGL
KGL_0225,KGL
KGL_0226,KGL
KGL_0227,KGL
KGL_0228,KGL
KGL_0229,KGL
KGL_0230,KGL
KGL_0231,KGL
KGL_0232,KGL
KGL_0233,KGL
KGL_0234,KGL
KGL_0235,KGL
KGL_0236,KGL
KGL_0237,KGL
KGL_0238,KGL
KGL_0239,KGL
KGL_0240,KGL
KGL_0241,KGL
KGL_0242,KGL
KGL_0243,KGL
KGL_0244,KGL
KGL_0245,KGL
KGL_0246,KGL
KGL_0247,KGL
KGL_0248,KGL
KGL_0249,KGL
KGL_0250,KGL
KGL_0251,KGL
KGL_0252,KGL
KGL_0253,KGL
KGL_0254,KGL
KGL_0255,KGL
KGL_0256,KGL
KGL_0257,KGL
KGL_0258,KGL
KGL_0259,KGL
KGL_0260,KGL
KGL_0261,KGL
KGL_0262,KGL
KGL_0263,KGL
KGL_0264,KGL
KGL_0265,KGL
KGL_0266,KGL
KGL_0267,KGL
KGL_0268,KGL
KGL_0269,KGL
KGL_0270,KGL
KGL_0271,KGL
KGL_0272,KGL
KGL_0273,KGL
KGL_0274,KGL
KGL_0275,KGL
KGL_0276,KGL
KGL_0277,KGL
KGL_0278,KGL
KGL_0279,KGL
KGL_0280,KGL
KGL_0281,KGL
KGL_0282,KGL
KGL_0283,KGL
KGL_0284,KGL
KGL_0285,KGL
KGL_0286,KGL
KGL_0287,KGL
KGL_0288,KGL
KGL_0289,KGL
KGL_0290,KGL
KGL_0291,KGL
KGL_0292,KGL
KGL_0293,KGL
KGL_0294,KGL
KGL_0295,KGL
KGL_0296,KGL
KGL_0297,KGL
KGL_0298,KGL
KGL_0299,KGL
KGL_0300,KGL
KGL_0301,KGL
KGL_0302,KGL
KGL_0303,KGL
KGL_0304,KGL
