image_id,source,split
KGL_0000,KGL,train
KGL_0001,KGL,val
KGL_0002,KGL,train
KGL_0003,KGL,val
KGL_0004,KGL,train
KGL_0005,KGL,train
KGL_0006,KGL,train
KGL_0007,KGL,train
KGL_0008,KGL,val
KGL_0009,KGL,train
KGL_0010,KGL,train
KGL_0011,KGL,train
KGL_0012,KGL,train
KGL_0013,KGL,test
KGL_0014,KGL,test
KGL_0015,KGL,train
KGL_0016,KGL,train
KGL_0017,KGL,train
KGL_0018,KGL,train
KGL_0019,KGL,train
KGL_0020,KGL,test
KGL_0021,KGL,test
KGL_0022,KGL,train
KGL_0023,KGL,test
KGL_0024,KGL,train
KGL_0025,KGL,train
KGL_0026,KGL,train
KGL_0027,KGL,train
KGL_0028,KGL,train
KGL_0029,KGL,train
KGL_0030,KGL,train
KGL_0031,KGL,train
KGL_0032,KGL,train
KGL_0033,KGL,train
KGL_0034,KGL,val
KGL_0035,KGL,train
KGL_0036,KGL,train
KGL_0037,KGL,train
KGL_0038,KGL,train
KGL_0039,KGL,test
KGL_0040,KGL,test
KGL_0041,KGL,train
KGL_0042,KGL,train
KGL_0043,KGL,test
KGL_0044,KGL,val
KGL_0045,KGL,train
KGL_0046,KGL,train
KGL_0047,KGL,val
KGL_0048,KGL,test
KGL_0049,KGL,val
KGL_0050,KGL,val
KGL_0051,KGL,train
KGL_0052,KGL,test
KGL_0053,KGL,val
KGL_0054,KGL,val
KGL_0055,KGL,train
KGL_0056,KGL,train
KGL_0057,KGL,train
KGL_0058,KGL,val
KGL_0059,KGL,train
KGL_0060,KGL,train
KGL_0061,KGL,train
KGL_0062,KGL,val
KGL_0063,KGL,train
KGL_0064,KGL,test
KGL_0065,KGL,train
KGL_0066,KGL,train
KGL_0067,KGL,train
KGL_0068,KGL,train
KGL_0069,KGL,train
KGL_0070,KGL,test
KGL_0071,KGL,test
KGL_0072,KGL,train
KGL_0073,KGL,train
KGL_0074,KGL,train
KGL_0075,KGL,train
KGL_0076,KGL,train
KGL_0077,KGL,train
KGL_0078,KGL,train
KGL_0079,KGL,train
KGL_0080,KGL,val
KGL_0081,KGL,test
KGL_0082,KGL,train
KGL_0083,KGL,train
KGL_0084,KGL,train
KGL_0085,KGL,train
KGL_0086,KGL,train
KGL_0087,KGL,test
KGL_0088,KGL,val
KGL_0089,KGL,train
KGL_0090,KGL,train
KGL_0091,KGL,test
KGL_0092,KGL,train
KGL_0093,KGL,train
KGL_0094,KGL,test
KGL_0095,KGL,train
KGL_0096,KGL,train
KGL_0097,KGL,train
KGL_0098,KGL,train
KGL_0099,KGL,val
KGL_0100,KGL,train
KGL_0101,KGL,train
KGL_0102,KGL,val
KGL_0103,KGL,train
KGL_0104,KGL,train
KGL_0105,KGL,test
KGL_0106,KGL,val
KGL_0107,KGL,train
KGL_0108,KGL,train
KGL_0109,KGL,train
KGL_0110,KGL,val
KGL_0111,KGL,train
KGL_0112,KGL,train
KGL_0113,KGL,train
KGL_0114,KGL,train
KGL_0115,KGL,train
KGL_0116,KGL,train
KGL_0117,KGL,train
KGL_0118,KGL,train
KGL_0119,KGL,train
KGL_0120,KGL,train
KGL_0121,KGL,val
KGL_0122,KGL,train
KGL_0123,KGL,val
KGL_0124,KGL,train
KGL_0125,KGL,train
KGL_0126,KGL,train
KGL_0127,KGL,train
KGL_0128,KGL,val
KGL_0129,KGL,train
KGL_0130,KGL,test
KGL_0131,KGL,train
KGL_0132,KGL,train
KGL_0133,KGL,train
KGL_0134,KGL,val
KGL_0135,KGL,test
KGL_0136,KGL,train
KGL_0137,KGL,train
KGL_0138,KGL,val
KGL_0139,KGL,train
KGL_0140,KGL,train
KGL_0141,KGL,train
KGL_0142,KGL,train
KGL_0143,KGL,train
KGL_0144,KGL,train
KGL_0145,KGL,val
KGL_0146,KGL,train
KGL_0147,KGL,train
KGL_0148,KGL,train
KGL_0149,KGL,val
KGL_0150,KGL,train
KGL_0151,KGL,val
KGL_0152,KGL,train
KGL_0153,KGL,val
KGL_0154,KGL,train
KGL_0155,KGL,train
KGL_0156,KGL,test
KGL_0157,KGL,train
KGL_0158,KGL,train
KGL_0159,KGL,train
KGL_0160,KGL,test
KGL_0161,KGL,test
KGL_0162,KGL,train
KGL_0163,KGL,train
KGL_0164,KGL,train
KGL_0165,KGL,train
KGL_0166,KGL,val
KGL_0167,KGL,train
KGL_0168,KGL,train
KGL_0169,KGL,test
KGL_0170,KGL,train
KGL_0171,KGL,train
KGL_0172,KGL,train
KGL_0173,KGL,train
KGL_0174,KGL,test
KGL_0175,KGL,train
KGL_0176,KGL,train
KGL_0177,KGL,train
KGL_0178,KGL,train
KGL_0179,KGL,train
KGL_0180,KGL,train
KGL_0181,KGL,train
KGL_0182,KGL,train
KGL_0183,KGL,train
KGL_0184,KGL,train
KGL_0185,KGL,train
KGL_0186,KGL,train
KGL_0187,KGL,test
KGL_0188,KGL,test
KGL_0189,KGL,test
KGL_0190,KGL,test
KGL_0191,KGL,val
KGL_0192,KGL,train
KGL_0193,KGL,train
KGL_0194,KGL,train
KGL_0195,KGL,train
KGL_0196,KGL,train
KGL_0197,KGL,train
KGL_0198,KGL,train
KGL_0199,KGL,test
KGL_0200,KGL,train
KGL_0201,KGL,test
KGL_0202,KGL,train
KGL_0203,KGL,train
KGL_0204,KGL,train
KGL_0205,KGL,test
KGL_0206,KGL,train
KGL_0207,KGL,test
KGL_0208,KGL,train
KGL_0209,KGL,train
KGL_0210,KGL,train
KGL_0211,KGL,train
KGL_0212,KGL,val
KGL_0213,KGL,train
KGL_0214,KGL,val
KGL_0215,KGL,train
KGL_0216,KGL,test
KGL_0217,KGL,test
KGL_0218,KGL,train
KGL_0219,KGL,train
KGL_0220,KGL,test
KGL_0221,KGL,train
KGL_0222,KGL,train
KGL_0223,KGL,train
KGL_0224,KGL,train
KGL_0225,KGL,train
KGL_0226,KGL,train
KGL_0227,KGL,test
KGL_0228,KGL,train
KGL_0229,KGL,train
KGL_0230,KGL,train
KGL_0231,KGL,train
KGL_0232,KGL,train
KGL_0233,KGL,train
KGL_0234,KGL,train
KGL_0235,KGL,val
KGL_0236,KGL,train
KGL_0237,KGL,train
KGL_0238,KGL,train
KGL_0239,KGL,train
KGL_0240,KGL,train
KGL_0241,KGL,val
KGL_0242,KGL,train
KGL_0243,KGL,test
KGL_0244,KGL,train
KGL_0245,KGL,train
KGL_0246,KGL,val
KGL_0247,KGL,train
KGL_0248,KGL,train
KGL_0249,KGL,train
KGL_0250,KGL,train
KGL_0251,KGL,train
KGL_0252,KGL,test
KGL_0253,KGL,train
KGL_0254,KGL,train
KGL_0255,KGL,train
KGL_0256,KGL,train
KGL_0257,KGL,test
KGL_0258,KGL,train
KGL_0259,KGL,train
KGL_0260,KGL,train
KGL_0261,KGL,val
KGL_0262,KGL,train
KGL_0263,KGL,val
KGL_0264,KGL,test
KGL_0265,KGL,test
KGL_0266,KGL,train
KGL_0267,KGL,val
KGL_0268,KGL,val
KGL_0269,KGL,val
KGL_0270,KGL,test
KGL_0271,KGL,train
KGL_0272,KGL,train
KGL_0273,KGL,train
KGL_0274,KGL,train
KGL_0275,KGL,train
KGL_0276,KGL,val
KGL_0277,KGL,train
KGL_0278,KGL,val
KGL_0279,KGL,train
KGL_0280,KGL,val
KGL_0281,KGL,train
KGL_0282,KGL,train
KGL_0283,KGL,train
KGL_0284,KGL,train
KGL_0285,KGL,train
KGL_0286,KGL,train
KGL_0287,KGL,train
KGL_0288,KGL,train
KGL_0289,KGL,train
KGL_0290,KGL,val
KGL_0291,KGL,train
KGL_0292,KGL,test
KGL_0293,KGL,train
KGL_0294,KGL,train
KGL_0295,KGL,val
KGL_0296,KGL,test
KGL_0297,KGL,train
KGL_0298,KGL,train
KGL_0299,KGL,val
KGL_0300,KGL,train
KGL_0301,KGL,train
KGL_0302,KGL,train
KGL_0303,KGL,val
KGL_0304,KGL,test
